{"Return":0.35463164,"Volatility":0.2565217071,"Sharpe Ratio":1.1477845029,"VaR":0.2421270878,"Portfolio Beta":0.939433731,"Treynor Ratio":0.3134139539,"Jensen Alpha":0.2107813981}