{"Return":0.2925572062,"Volatility":0.201015865,"Sharpe Ratio":1.1559147648,"VaR":0.1750756238,"Portfolio Beta":0.8972153454,"Treynor Ratio":0.258975961,"Jensen Alpha":0.152466227}